<?xml version="1.0" encoding="UTF-8" standalone="no"?>
<Entities build="b39" majorVersion="7" minorVersion="3" modelPersistenceProviderPackage="PostgresPersistenceProviderPackage" revision="1" schemaVersion="931">
    <Things>
        <Thing aspect.isEditableExtensionObject="true" aspect.isExtension="true" description="" documentationContent="" effectiveThingPackage="ConfiguredThing" enabled="true" homeMashup="" identifier="" lastModifiedDate="2017-03-03T18:47:05.427-05:00" name="WtSafeArea_TWXUtils" projectName="" published="false" tags="" thingTemplate="GenericThing" valueStream="">
            <Owner name="Administrator" type="User"/>
            <avatar/>
            <DesignTimePermissions>
                <Create/>
                <Read/>
                <Update/>
                <Delete/>
                <Metadata/>
            </DesignTimePermissions>
            <RunTimePermissions/>
            <VisibilityPermissions>
                <Visibility/>
            </VisibilityPermissions>
            <ConfigurationTables/>
            <ThingShape>
                <PropertyDefinitions/>
                <ServiceDefinitions>
                    <ServiceDefinition aspect.isAsync="false" category="" description="" isAllowOverride="false" isLocalOnly="false" isOpen="false" isPrivate="false" name="GetAllProducts">
                        <ResultType aspect.dataShape="StringListDataShape" baseType="INFOTABLE" description="" name="result" ordinal="0"/>
                        <ParameterDefinitions/>
                    </ServiceDefinition>
                    <ServiceDefinition aspect.isAsync="false" category="" description="" isAllowOverride="false" isLocalOnly="false" isOpen="false" isPrivate="false" name="GetConsolidatedProductVersion">
                        <ResultType baseType="STRING" description="" name="result" ordinal="0"/>
                        <ParameterDefinitions>
                            <FieldDefinition baseType="STRING" description="" name="CPS" ordinal="2"/>
                            <FieldDefinition aspect.isRequired="false" baseType="STRING" description="" name="MajorVersion" ordinal="1"/>
                        </ParameterDefinitions>
                    </ServiceDefinition>
                    <ServiceDefinition aspect.isAsync="false" category="" description="" isAllowOverride="false" isLocalOnly="false" isOpen="false" isPrivate="false" name="GetCPS">
                        <ResultType aspect.dataShape="StringListDataShape" baseType="INFOTABLE" description="" name="result" ordinal="0"/>
                        <ParameterDefinitions>
                            <FieldDefinition baseType="STRING" description="" name="productIn" ordinal="1"/>
                        </ParameterDefinitions>
                    </ServiceDefinition>
                    <ServiceDefinition aspect.isAsync="false" category="" description="" isAllowOverride="false" isLocalOnly="false" isOpen="false" isPrivate="false" name="GetTargetCode">
                        <ResultType aspect.dataShape="StringListDataShape" baseType="HYPERLINK" description="" name="result" ordinal="0"/>
                        <ParameterDefinitions>
                            <FieldDefinition baseType="BOOLEAN" description="" name="GenerateReport" ordinal="4"/>
                            <FieldDefinition aspect.thingTemplate="FileRepository" baseType="THINGNAME" description="" name="repository" ordinal="3"/>
                            <FieldDefinition baseType="STRING" description="" name="sourceFilePath" ordinal="2"/>
                            <FieldDefinition baseType="STRING" description="" name="targetVersionIn" ordinal="1"/>
                        </ParameterDefinitions>
                    </ServiceDefinition>
                    <ServiceDefinition aspect.isAsync="false" category="" description="Used to return a boolean when a service call is completed. &#10;Always returns true." isAllowOverride="false" isLocalOnly="false" isOpen="false" isPrivate="false" name="isServiceCallComplete">
                        <ResultType baseType="BOOLEAN" description="" name="result" ordinal="0"/>
                        <ParameterDefinitions/>
                    </ServiceDefinition>
                    <ServiceDefinition aspect.isAsync="false" category="" description="if called, returns always false" isAllowOverride="false" isLocalOnly="false" isOpen="false" isPrivate="false" name="isUploadCompleteFalse">
                        <ResultType baseType="BOOLEAN" description="" name="result" ordinal="0"/>
                        <ParameterDefinitions/>
                    </ServiceDefinition>
                    <ServiceDefinition aspect.isAsync="false" category="" description="if called, returns always true" isAllowOverride="false" isLocalOnly="false" isOpen="false" isPrivate="false" name="isUploadCompleteTrue">
                        <ResultType baseType="BOOLEAN" description="" name="result" ordinal="0"/>
                        <ParameterDefinitions/>
                    </ServiceDefinition>
                </ServiceDefinitions>
                <EventDefinitions/>
                <ServiceMappings/>
                <ServiceImplementations>
                    <ServiceImplementation description="" handlerName="Script" name="GetAllProducts">
                        <ConfigurationTables>
                            <ConfigurationTable description="Script" isMultiRow="false" name="Script" ordinal="0">
                                <DataShape>
                                    <FieldDefinitions>
                                        <FieldDefinition baseType="STRING" description="code" name="code" ordinal="0"/>
                                    </FieldDefinitions>
                                </DataShape>
                                <Rows>
                                    <Row>
                                        <code><![CDATA[logger.info("Entering GetAllProducts JavaScript Service");

var params = {
	infoTableName : "InfoTable",
	dataShapeName : "StringListDataShape"
};

// CreateInfoTableFromDataShape(infoTableName:STRING("InfoTable"), dataShapeName:STRING):INFOTABLE(StringListDataShape)
var result = Resources["InfoTableFunctions"].CreateInfoTableFromDataShape(params);

params = {
    thingShape: "SourceCodeLocationsHelper"
};
var listThing = Resources["SearchFunctions"].SearchThingsByShape(params);
 
var listThingLength = listThing.rows.length;
logger.info("Found "+listThingLength+" things");

for (var i = 0; i < listThingLength; i++) 
{
    var thing = listThing.rows[i];
    logger.info("Going through thing :"+thing);
    
    var products = Things[thing.name].getMajorVersions(); 
    params = {
        t1: result /* INFOTABLE */,
        t2: products /* INFOTABLE */
    };
    result = Resources["InfoTableFunctions"].Union(params);
    logger.info("res = "+result.ToJSON());
}
var sort = new Object();
sort.name = "Field1";
sort.ascending = true;
result.Sort(sort);

logger.info("Exiting GetAllProducts JavaScript Service");]]></code>
                                    </Row>
                                </Rows>
                            </ConfigurationTable>
                        </ConfigurationTables>
                    </ServiceImplementation>
                    <ServiceImplementation description="" handlerName="Script" name="GetConsolidatedProductVersion">
                        <ConfigurationTables>
                            <ConfigurationTable description="Script" isMultiRow="false" name="Script" ordinal="0">
                                <DataShape>
                                    <FieldDefinitions>
                                        <FieldDefinition baseType="STRING" description="code" name="code" ordinal="0"/>
                                    </FieldDefinitions>
                                </DataShape>
                                <Rows>
                                    <Row>
                                        <code><![CDATA[var result = "";
if(CPS == null || CPS =="" || CPS==" "){
    result = MajorVersion;
}
else{
     result = MajorVersion + "-" + CPS;
}]]></code>
                                    </Row>
                                </Rows>
                            </ConfigurationTable>
                        </ConfigurationTables>
                    </ServiceImplementation>
                    <ServiceImplementation description="" handlerName="Script" name="GetCPS">
                        <ConfigurationTables>
                            <ConfigurationTable description="Script" isMultiRow="false" name="Script" ordinal="0">
                                <DataShape>
                                    <FieldDefinitions>
                                        <FieldDefinition baseType="STRING" description="code" name="code" ordinal="0"/>
                                    </FieldDefinitions>
                                </DataShape>
                                <Rows>
                                    <Row>
                                        <code><![CDATA[logger.info("Entering GetCPS JavaScript Service");
logger.info("product parameter is : "+productIn);

var params = {
	infoTableName : "InfoTable",
	dataShapeName : "StringListDataShape"
};

// CreateInfoTableFromDataShape(infoTableName:STRING("InfoTable"), dataShapeName:STRING):INFOTABLE(StringListDataShape)
var result = Resources["InfoTableFunctions"].CreateInfoTableFromDataShape(params)

var params = {
            thingShape: "SourceCodeLocationsHelper"
};
var listThing = Resources["SearchFunctions"].SearchThingsByShape(params);
 
var listThingLength = listThing.rows.length;
for (var i = 0; i < listThingLength; i++) 
{
    var thing = listThing.rows[i];

    var params = {
        product: productIn
    }; 
    var cps = Things[thing.name].getCPSforProduct(params); 
    	
    var params = {
        t1: result /* INFOTABLE */,
        t2: cps /* INFOTABLE */
    };

    // result: INFOTABLE
    result = Resources["InfoTableFunctions"].Union(params);
}
var sort = new Object();
sort.name = "Field1";
sort.ascending = true;
result.Sort(sort);
logger.info("exiting  GetCPS JavaScript Service"); ]]></code>
                                    </Row>
                                </Rows>
                            </ConfigurationTable>
                        </ConfigurationTables>
                    </ServiceImplementation>
                    <ServiceImplementation description="" handlerName="Script" name="GetTargetCode">
                        <ConfigurationTables>
                            <ConfigurationTable description="Script" isMultiRow="false" name="Script" ordinal="0">
                                <DataShape>
                                    <FieldDefinitions>
                                        <FieldDefinition baseType="STRING" description="code" name="code" ordinal="0"/>
                                    </FieldDefinitions>
                                </DataShape>
                                <Rows>
                                    <Row>
                                        <code><![CDATA[logger.info("Entering GetTargetCode JavaScript Service");
logger.info("Parameter are : "+targetVersionIn+","+sourceFilePath+","+repository+",generateReport="+GenerateReport);

var result="";

var params = {
            thingShape: "SourceCodeLocationsHelper"
};
var listThing = Resources["SearchFunctions"].SearchThingsByShape(params);
 
var listThingLength = listThing.rows.length;
for (var i = 0; i < listThingLength; i++) 
{
    var thing = listThing.rows[i];

    var params = {
        sourceZipFilePath: sourceFilePath,
        repo: repository,
        targetVersion: targetVersionIn,
        generateReport: GenerateReport
    }; 
    result = Things[thing.name].getTargetSourceCode(params); 
    if(result != null && result != ""){
        break;
    }
}
logger.info("exiting  GetTargetCode JavaScript Service"); ]]></code>
                                    </Row>
                                </Rows>
                            </ConfigurationTable>
                        </ConfigurationTables>
                    </ServiceImplementation>
                    <ServiceImplementation description="" handlerName="Script" name="isServiceCallComplete">
                        <ConfigurationTables>
                            <ConfigurationTable description="Script" isMultiRow="false" name="Script" ordinal="0">
                                <DataShape>
                                    <FieldDefinitions>
                                        <FieldDefinition baseType="STRING" description="code" name="code" ordinal="0"/>
                                    </FieldDefinitions>
                                </DataShape>
                                <Rows>
                                    <Row>
                                        <code><![CDATA[var result = true;]]></code>
                                    </Row>
                                </Rows>
                            </ConfigurationTable>
                        </ConfigurationTables>
                    </ServiceImplementation>
                    <ServiceImplementation description="" handlerName="Script" name="isUploadCompleteFalse">
                        <ConfigurationTables>
                            <ConfigurationTable description="Script" isMultiRow="false" name="Script" ordinal="0">
                                <DataShape>
                                    <FieldDefinitions>
                                        <FieldDefinition baseType="STRING" description="code" name="code" ordinal="0"/>
                                    </FieldDefinitions>
                                </DataShape>
                                <Rows>
                                    <Row>
                                        <code><![CDATA[var result = false;]]></code>
                                    </Row>
                                </Rows>
                            </ConfigurationTable>
                        </ConfigurationTables>
                    </ServiceImplementation>
                    <ServiceImplementation description="" handlerName="Script" name="isUploadCompleteTrue">
                        <ConfigurationTables>
                            <ConfigurationTable description="Script" isMultiRow="false" name="Script" ordinal="0">
                                <DataShape>
                                    <FieldDefinitions>
                                        <FieldDefinition baseType="STRING" description="code" name="code" ordinal="0"/>
                                    </FieldDefinitions>
                                </DataShape>
                                <Rows>
                                    <Row>
                                        <code><![CDATA[var result = true;]]></code>
                                    </Row>
                                </Rows>
                            </ConfigurationTable>
                        </ConfigurationTables>
                    </ServiceImplementation>
                </ServiceImplementations>
                <Subscriptions/>
            </ThingShape>
            <PropertyBindings/>
            <RemotePropertyBindings/>
            <RemoteServiceBindings/>
            <RemoteEventBindings/>
            <AlertConfigurations/>
            <ImplementedShapes/>
            <ThingProperties/>
            <ConfigurationChanges>
                <ConfigurationChange changeAction="CREATE" changeReason="Importing Extension Package Metadata" timestamp="2017-03-03T18:19:52.372-05:00" user="SuperUser"/>
                <ConfigurationChange changeAction="MODIFY" changeReason="services : GetTargetCode : Input parameter GenerateReport Added, Inputs updated, Code Updated&#10;" timestamp="2017-03-03T18:37:00.015-05:00" user="Administrator"/>
                <ConfigurationChange changeAction="MODIFY" changeReason="services : GetTargetCode : Code Updated&#10;" timestamp="2017-03-03T18:47:05.426-05:00" user="Administrator"/>
            </ConfigurationChanges>
        </Thing>
    </Things>
</Entities>
