<?xml version="1.0" encoding="UTF-8" standalone="no"?>
<Entities>
    <ExtensionPackages>
        <ExtensionPackage dependsOn="" description="" minimumThingWorxVersion="7.2.1" name="TWX_wtSafeArea_Merger" packageVersion="0.0.2" vendor="">
            <JarResources>
                <FileResource description="JSoup" file="jsoup-1.10.1.jar" type="JAR"/>
                <FileResource description="" file="twx_wtsafearea_merger.jar" type="JAR"/>
                <FileResource description="" file="diffutils-1.3.0.jar" type="JAR"/>
            </JarResources>
        </ExtensionPackage>
    </ExtensionPackages>
    <ThingPackages>
        <ThingPackage aspect.isSystemObject="false" className="com.ptc.ssp.wtsafeareamerger.GrokDownloaderTemplate" description="" name="GrokDownloaderTemplatePackage"/>
    </ThingPackages>
    <ThingTemplates>
        <ThingTemplate aspect.isEditableExtensionObject="false" description="" name="GrokDownloaderTemplate" thingPackage="GrokDownloaderTemplatePackage"/>
    </ThingTemplates>
</Entities>
