<?xml version="1.0" encoding="UTF-8" standalone="no"?>
<Entities build="b39" majorVersion="7" minorVersion="3" modelPersistenceProviderPackage="PostgresPersistenceProviderPackage" revision="1" schemaVersion="931">
    <ThingShapes>
        <ThingShape aspect.isEditableExtensionObject="true" className="" description="" documentationContent="" homeMashup="" lastModifiedDate="2017-02-27T15:11:45.202-05:00" name="SourceCodeLocationsHelper" projectName="" tags="">
            <PropertyDefinitions/>
            <ServiceDefinitions/>
            <EventDefinitions/>
            <ServiceMappings/>
            <ServiceImplementations/>
            <Subscriptions/>
            <Owner name="Administrator" type="User"/>
            <avatar/>
            <DesignTimePermissions>
                <Create/>
                <Read/>
                <Update/>
                <Delete/>
                <Metadata/>
            </DesignTimePermissions>
            <RunTimePermissions/>
            <VisibilityPermissions>
                <Visibility/>
            </VisibilityPermissions>
            <ConfigurationTables/>
            <ConfigurationChanges>
                <ConfigurationChange changeAction="CREATE" changeReason="header : name : updated&#10;documentation : updated&#10;" timestamp="2017-02-27T10:03:05.411-05:00" user="Administrator"/>
                <ConfigurationChange changeAction="MODIFY" changeReason="services :  : Code Updated, getAvailableProducts : Output Updated, Service Added&#10;" timestamp="2017-02-27T10:11:31.684-05:00" user="Administrator"/>
                <ConfigurationChange changeAction="MODIFY" changeReason="services : getAvailableProducts : Code Updated&#10;" timestamp="2017-02-27T10:50:42.726-05:00" user="Administrator"/>
                <ConfigurationChange changeAction="MODIFY" changeReason="" timestamp="2017-02-27T11:10:40.499-05:00" user="Administrator"/>
                <ConfigurationChange changeAction="MODIFY" changeReason="services : getAvailableProducts : Code Updated, GetCPS : Code Updated, Inputs updated, Output Updated, Service Added,  : Input parameter product Added&#10;" timestamp="2017-02-27T14:49:37.239-05:00" user="Administrator"/>
                <ConfigurationChange changeAction="MODIFY" changeReason="services : getAvailableProducts : Output Updated, GetCPS : Output Updated&#10;" timestamp="2017-02-27T14:53:13.607-05:00" user="Administrator"/>
                <ConfigurationChange changeAction="MODIFY" changeReason="" timestamp="2017-02-27T14:55:54.950-05:00" user="Administrator"/>
                <ConfigurationChange changeAction="MODIFY" changeReason="services : getAvailableProducts : Code Updated, GetCPS : Code Updated&#10;" timestamp="2017-02-27T15:07:02.356-05:00" user="Administrator"/>
                <ConfigurationChange changeAction="MODIFY" changeReason="services : getAvailableProducts : removed, GetCPS : removed&#10;" timestamp="2017-02-27T15:11:45.202-05:00" user="Administrator"/>
            </ConfigurationChanges>
            <PropertyBindings/>
            <RemotePropertyBindings/>
            <RemoteServiceBindings/>
            <RemoteEventBindings/>
            <AlertConfigurations/>
            <InstanceRunTimePermissions/>
        </ThingShape>
    </ThingShapes>
</Entities>
