<?xml version="1.0" encoding="UTF-8" standalone="no"?>
<Entities build="b39" majorVersion="7" minorVersion="3" modelPersistenceProviderPackage="PostgresPersistenceProviderPackage" revision="1" schemaVersion="931">
    <DataShapes>
        <DataShape aspect.isEditableExtensionObject="true" baseDataShape="" description="" documentationContent="" homeMashup="" lastModifiedDate="2017-02-27T14:52:51.001-05:00" name="StringListDataShape" projectName="" tags="">
            <Owner name="Administrator" type="User"/>
            <avatar/>
            <DesignTimePermissions>
                <Create/>
                <Read/>
                <Update/>
                <Delete/>
                <Metadata/>
            </DesignTimePermissions>
            <RunTimePermissions/>
            <VisibilityPermissions>
                <Visibility/>
            </VisibilityPermissions>
            <ConfigurationTables/>
            <FieldDefinitions>
                <FieldDefinition baseType="STRING" description="" name="Field1" ordinal="1"/>
            </FieldDefinitions>
            <ConfigurationChanges>
                <ConfigurationChange changeAction="CREATE" changeReason="header : name : updated&#10;fields : Field1 : Added&#10;" timestamp="2017-02-27T14:52:51.001-05:00" user="Administrator"/>
            </ConfigurationChanges>
        </DataShape>
    </DataShapes>
</Entities>
